controller,file,constraint_type,inside_optimization,hard_or_soft,uses_linearization,uses_slack,slack_penalized,applied_over_horizon,post_processed_only,min_h_result,status,notes
DeePC,branch/functions/branch_solve_obstacle_deepc.m,"Soft linearized obstacle inequalities added to DeePC QP","yes","soft","yes","yes","yes","yes","no","soft=-0.098363; iterative=-0.098489","implemented_but_weak","Augments decision variable from g to [g;s]; constrains predicted positions through A_obs*g - s <= b_obs."
DeePC,branch/functions/branch_build_obstacle_constraints.m,"Horizon-wise affine obstacle and wall constraint builder","yes (builder)","soft via downstream solver","yes","no (builder only)","no (builder only)","yes","no","soft=-0.098363; iterative=-0.098489","implemented_but_weak","Loops over j=1:T_f; supports walls and obstacles; current runs only enable obstacles and keep at most two active constraints per step."
DeePC,branch/functions/branch_linearize_obstacle_constraints.m,"Signed-distance linearization of inflated cylinders and walls","yes (builder)","n/a","yes","no","no","yes (through caller)","no","soft=-0.098363; iterative=-0.098489","implemented_but_weak","Computes local normal and boundary point on inflated geometry; equivalent half-space form rather than exact nonlinear norm constraint."
DeePC,branch/scripts/run_03_branch_soft_obstacle_deepc.m,"Soft obstacle-aware DeePC run configuration","yes","soft","yes","yes","yes","yes","no","-0.098363","implemented_but_weak","Turns on obstacle constraints with RhoObs=1e5 but sets IncludeWalls=false."
DeePC,branch/scripts/run_04_branch_iterative_obstacle_deepc.m,"Iterative successive-linearization DeePC run configuration","yes","soft","yes","yes","yes","yes","no","-0.098489","implemented_but_weak","Repeatedly rebuilds linearized constraints around updated nominal prediction; IncludeWalls=false in current run."
DeePC,branch/functions/branch_compute_safety_margin.m,"Executed-trajectory safety audit h(k)","no","n/a","no","no","no","no","yes","soft=-0.098363; iterative=-0.098489","post_processing_only","Evaluates executed path against obstacles and walls after rollout."
DeePC,branch/functions/branch_plot_labyrinth_results.m,"Visualization of walls, obstacles, and safety margin","no","n/a","no","no","no","no","yes","soft=-0.098363; iterative=-0.098489","post_processing_only","Plots same obstacle cylinders and safe-radius rings but does not affect optimization."
MPC,branch/mpc_baseline/copied_from_tcc/mpc_controller_mosek_v2.m,"Tracking QP template without obstacle avoidance","yes","hard input bounds only","no","no","no","yes","no","n/a","not_implemented","Original copied TCC controller has no obstacle inequalities or slack variables."
MPC,branch/mpc_baseline/copied_from_tcc/mpc_controller_mosek.m,"Older tracking QP template without obstacle avoidance","yes","hard input bounds only","no","no","no","yes","no","n/a","not_implemented","No professor-style obstacle constraints in the copied source template."
MPC,branch/mpc_baseline/copied_from_tcc/design_mpc_quadrotor.m,"Toolbox MPC with generic MV and output bounds","yes","mixed generic bounds","no","no obstacle slack","no obstacle penalty","yes","no","n/a","not_implemented","Contains input and output bounds, but not the professor-proposed obstacle constraints."
MPC,branch/mpc_baseline/functions/mpc_solve_tracking.m,"Generic condensed MPC QP with optional extra inequalities and slack","yes","soft when obstacle wrapper enabled","no by itself","yes when extra.useSlack","yes when extra.useSlack","yes","no","soft=-0.016242; iterative=-0.016185","implemented_but_weak","Optimization variable becomes [U;s] when obstacle-aware wrapper passes extra constraints."
MPC,branch/mpc_baseline/functions/mpc_solve_obstacle_aware.m,"Soft linearized obstacle inequalities on predicted MPC trajectory","yes","soft","yes","yes","yes","yes","no","soft=-0.016242; iterative=-0.016185","implemented_but_weak","Builds Aobs*U - s <= bobs using Su/Sx and shared branch linearization; walls supported but disabled in current run."
MPC,branch/mpc_baseline/functions/mpc_run_labyrinth_rollout.m,"Receding-horizon baseline, soft, and iterative MPC execution","yes","soft in obstacle modes","yes in obstacle modes","yes in obstacle modes","yes in obstacle modes","yes","no","soft=-0.016242; iterative=-0.016185","implemented_but_weak","Constraints act on predicted horizon only; executed trajectory is audited after applying the first control move."
MPC,branch/mpc_baseline/scripts/run_02_mpc_labyrinth_baseline.m,"Baseline MPC script without obstacle-aware correction","yes","hard input bounds only","no","no","no","yes","no","-0.045625","not_implemented","No obstacle-aware constraints are requested in the baseline run."
MPC,branch/mpc_baseline/scripts/run_03_mpc_labyrinth_obstacle_aware.m,"Soft and iterative obstacle-aware MPC configuration","yes","soft","yes","yes","yes","yes","no","soft=-0.016242; iterative=-0.016185","implemented_but_weak","Enables obstacle constraints with RhoSlack=1e4 and IncludeWalls=false."
MPC,branch/mpc_baseline/functions/mpc_compute_safety_margin.m,"Executed-trajectory safety audit h(k)","no","n/a","no","no","no","no","yes","soft=-0.016242; iterative=-0.016185","post_processing_only","Direct wrapper around branch_compute_safety_margin for executed trajectory evaluation."
MPC,branch/mpc_baseline/functions/mpc_plot_2d_trajectory_with_obstacles.m,"2D obstacle and wall visualization","no","n/a","no","no","no","no","yes","soft=-0.016242; iterative=-0.016185","post_processing_only","Uses the same labyrinth walls and obstacle cylinders and plots the inflated safe radius."
MPC,branch/mpc_baseline/functions/mpc_plot_3d_trajectory_with_obstacles.m,"3D obstacle visualization","no","n/a","no","no","no","no","yes","soft=-0.016242; iterative=-0.016185","post_processing_only","Uses the same obstacle cylinders and inflated safe cylinders as the scenario definition."
