level,caller,function_name,file_path,signature,category,expected_shapes,reuse_strategy,branch_wrapper_needed,notes
direct,demo_deepc_labyrinth_database,loadLabyrinthData,database/loadLabyrinthData.m,"[U, Y, t, meta] = loadLabyrinthData(varargin)",database,"U: m x T, Y: p x T, t: 1 x T or T x 1, meta: struct",read-only direct reuse,no,"Canonical labyrinth dataset loader and regeneration entry point"
direct,demo_deepc_labyrinth_database,deepcSetup,controllers/deepc/deepcSetup.m,"model = deepcSetup(uData, yData, params)",DeePC offline,"uData: m x T, yData: p x T, params: struct, model: struct",read-only direct reuse,no,"Builds Hankel matrices, Hessian, and fixed constraints"
direct,demo_deepc_labyrinth_database,deepcAlgorithm,controllers/deepc/deepcAlgorithm.m,"[uOpt, yPred, info] = deepcAlgorithm(model, uIni, yIni, r, solverOpts)",DeePC online,"uIni: m*T_ini x 1, yIni: p*T_ini x 1, r: p*T_f x 1",read-only reuse for baseline,yes,"Current interface assumes decision variable g only"
direct,demo_deepc_labyrinth_database,simulateLabyrinthDroneStep,models/simulateLabyrinthDroneStep.m,"[stateNext, y, uClipped] = simulateLabyrinthDroneStep(state, u, cfg)",dynamics,"state: 8 x 1, u: 4 x 1, y: 8 x 1",read-only direct reuse,no,"Original kinematic labyrinth plant surrogate"
direct,demo_deepc_labyrinth_database,labyrinthMinWallClearance,database/labyrinthMinWallClearance.m,"[clearance, sampleIdx, wallIdx] = labyrinthMinWallClearance(traj, s)",obstacle geometry,"traj: N x 2 or N x 3, s: scenario struct",read-only direct reuse,no,"Wall-clearance post-run metric"
second-level,loadLabyrinthData,generateLabyrinthDeePCDatabase,database/generateLabyrinthDeePCDatabase.m,"dataFile = generateLabyrinthDeePCDatabase(varargin)",database generation,"Generated U: 4 x N, Y: 6 x N, X: 8 x N",read-only direct reuse,no,"Used when Regenerate=true or MAT file is missing"
second-level,generateLabyrinthDeePCDatabase,labyrinthScenarioConfig,database/labyrinthScenarioConfig.m,"s = labyrinthScenarioConfig()",scenario/config,"scenario struct with walls, obstacles, bounds, setpoints, model",read-only direct reuse,no,"Ground-truth labyrinth mission definition"
second-level,generateLabyrinthDeePCDatabase,simulateLabyrinthDroneStep,models/simulateLabyrinthDroneStep.m,"[stateNext, y, uClipped] = simulateLabyrinthDroneStep(state, u, cfg)",dynamics,"state: 8 x 1, u: 4 x 1",read-only direct reuse,no,"Used to generate offline labyrinth training data"
second-level,labyrinthMinWallClearance,labyrinthWallSegments,database/labyrinthWallSegments.m,"wallSegments = labyrinthWallSegments(s)",wall geometry,"s.wallSegments: N x 4 or derived from centerline",read-only direct reuse,no,"Returns explicit walls or derives them from corridor geometry"
second-level,deepcSetup,validateParams,controllers/deepc/functions/validateParams.m,"params = validateParams(params, m, p)",DeePC utility,"Per-step or full-horizon Q/R and bounds",read-only direct reuse,no,"Expands bounds and weights to full horizon"
second-level,deepcSetup,buildHankelMatrix,controllers/deepc/functions/buildHankelMatrix.m,"[Up, Yp, Uf, Yf] = buildHankelMatrix(uData, yData, T_ini, T_f)",DeePC utility,"uData: m x T, yData: p x T, outputs are block Hankel partitions",read-only direct reuse,no,"Fundamental DeePC data equation construction"
second-level,deepcSetup,checkPersistency,controllers/deepc/functions/checkPersistency.m,"checkPersistency(Up, Yp, Uf, uData, params)",DeePC utility,"Uses Hankel blocks and original data",read-only direct reuse,no,"Persistency of excitation audit"
second-level,deepcSetup,computeSteadyStateG,controllers/deepc/functions/computeSteadyStateG.m,"gRef = computeSteadyStateG(Up, Yp, Uf, Yf, params)",DeePC utility,"Returns gRef: nG x 1",read-only direct reuse,no,"Builds the regularization target g_r"
second-level,deepcSetup,buildHessian,controllers/deepc/functions/buildHessian.m,"H = buildHessian(Uf, Yf, Yp, nG, params)",DeePC utility,"H: nG x nG",read-only direct reuse,no,"Current Hessian assumes decision variable is g only"
second-level,deepcSetup,buildConstraintMatrix,controllers/deepc/functions/buildConstraintMatrix.m,"[Aeq, Aineq, bIneq] = buildConstraintMatrix(Up, Uf, Yf, params)",DeePC utility,"Aeq: m*T_ini x nG, Aineq: 2*(m+p)*T_f x nG",read-only direct reuse,no,"Supports fixed linear equality and inequality bounds"
second-level,deepcAlgorithm,buildLinearCost,controllers/deepc/functions/buildLinearCost.m,"f = buildLinearCost(precomp, r, yIni)",DeePC utility,"r: p*T_f x 1, yIni: p*T_ini x 1, f: nG x 1",read-only direct reuse,no,"Online varying cost term"
second-level,deepcAlgorithm,solveQP,controllers/deepc/functions/solveQP.m,"[zOpt, fval, exitflag, solverInfo] = solveQP(H, f, Aeq, beq, Aineq, bIneq, solverOpts)",solver,"Generic QP matrices and vectors",read-only direct reuse,yes,"Best reuse point for branch-side augmented obstacle QP"
second-level,deepcAlgorithm,extractSolution,controllers/deepc/functions/extractSolution.m,"[uOpt, yPred, info] = extractSolution(zOpt, Uf, Yf, fval, exitflag, solverInfo, params)",DeePC utility,"zOpt interpreted as g only",read-only reuse for baseline,yes,"Branch needs its own extraction if slacks are appended"
context,nearby,pathPlannerSetup,path_planner/pathPlannerSetup.m,"planner = pathPlannerSetup(goal, params)",planner,"goal: 3 x 1, params: struct",read-only contextual reuse,maybe,"Relevant only as an obstacle-planning reference"
context,nearby,pathPlannerStep,path_planner/pathPlannerStep.m,"[setpoint, yaw_cmd, planner, info] = pathPlannerStep(planner, pos, yaw, obstacles)",planner,"pos: 3 x 1, yaw: scalar, obstacles: N x 5",read-only contextual reuse,maybe,"Obstacle-aware setpoint layer outside the DeePC QP"
context,nearby,checkCollision,path_planner/functions/checkCollision.m,"[collision, obsIdx] = checkCollision(pos, obstacles, droneRadius)",obstacle utility,"pos: 3 x 1, obstacles: N x 5",read-only contextual reuse,no,"Useful geometric reference for obstacle-body checks"
