file_path,file_type,role,main_or_function,state_definition,input_definition,solver,constraints,reuse_recommendation,notes
TCC/mpc-matlab/crazyflie_params.m,source function,physical parameter definition,function,none,none,none,parameter file,reuse read-only,Source Crazyflie 2.1 constants used by the TCC MPC
TCC/mpc-matlab/linearize_quadrotor.m,source function,continuous-time hover linearization,function,"[px py pz vx vy vz phi theta psi p q r]","[DeltaT tau_phi tau_theta tau_psi]",none,model only,reuse read-only,Main state-space model definition in the TCC source
TCC/mpc-matlab/quadrotor_dynamics.m,source function,nonlinear plant rollout,function,"[px py pz vx vy vz phi theta psi p q r]","[T tau_phi tau_theta tau_psi]",none,model only,reuse read-only,Useful for future higher-fidelity baseline but not directly compatible with the branch labyrinth plant
TCC/mpc-matlab/design_mpc_quadrotor.m,source function,MATLAB MPC Toolbox controller design,function,"12-state linearized quadrotor","[DeltaT tau_phi tau_theta tau_psi]",MPC Toolbox,input and angle bounds,read-only reference,Good reference for weight and bound interpretation
TCC/mpc-matlab/mpc_controller_mosek.m,source function,condensed QP tracking MPC,function,"state-space prediction form","[DeltaT tau_phi tau_theta tau_psi]",MOSEK,input bounds only,reuse as structural reference,Earlier condensed controller without the improved v2 rate penalty
TCC/mpc-matlab/mpc_controller_mosek_v2.m,source function,improved condensed QP tracking MPC,function,"[px py pz vx vy vz phi theta psi p q r]","[DeltaT tau_phi tau_theta tau_psi]",MOSEK,input bounds and rate penalty,reuse as primary template,Best source file to adapt structurally into the branch-only labyrinth MPC
TCC/mpc-matlab/test_mpc_quadrotor.m,source script,toolbox MPC simulation,main,linearized quadrotor,"[DeltaT tau_phi tau_theta tau_psi]",MPC Toolbox,input and angle bounds,reference only,Simple source replay script
TCC/mpc-matlab/test_mpc_mosek_v2.m,source script,custom QP MPC simulation,main,linearized quadrotor,"[DeltaT tau_phi tau_theta tau_psi]",MOSEK,input bounds and rate penalty,reference only,Depends on an external trajectory generator and is not directly reusable as-is
TCC/mpc-matlab/mpc_parameter_sweep.m,source script,offline tuning sweep,main,linearized quadrotor,"[DeltaT tau_phi tau_theta tau_psi]",MOSEK,input bounds and rate penalty,reference only,Provides useful weight scales and horizon ranges
TCC/mpc-matlab/mpc_top10_evaluation.m,source script,best-configuration postprocessing,main,linearized quadrotor,"[DeltaT tau_phi tau_theta tau_psi]",MOSEK,input bounds and rate penalty,reference only,Useful for extracting the best source weight set
